<?xml version="1.0" encoding="UTF-8"?>
<project-private xmlns="http://www.netbeans.org/ns/project-private/1">
    <editor-bookmarks xmlns="http://www.netbeans.org/ns/editor-bookmarks/2" lastBookmarkId="0"/>
    <open-files xmlns="http://www.netbeans.org/ns/projectui-open-files/2">
        <group>
            <file>file:/C:/Users/s140012700035/Documents/NetBeansProjects/WebApplication1/src/java/option.java</file>
            <file>file:/C:/Users/s140012700035/Documents/NetBeansProjects/WebApplication1/src/java/Sum.java</file>
            <file>file:/C:/Users/s140012700035/Documents/NetBeansProjects/WebApplication1/src/java/Fibonacci.java</file>
            <file>file:/C:/Users/s140012700035/Documents/NetBeansProjects/WebApplication1/web/index.html</file>
            <file>file:/C:/Users/s140012700035/Documents/NetBeansProjects/WebApplication1/src/java/Armstrong.java</file>
            <file>file:/C:/Users/s140012700035/Documents/NetBeansProjects/WebApplication1/src/java/Prime.java</file>
            <file>file:/C:/Users/s140012700035/Documents/NetBeansProjects/WebApplication1/src/java/logic.java</file>
            <file>file:/C:/Users/s140012700035/Documents/NetBeansProjects/WebApplication1/src/java/Reverse.java</file>
            <file>file:/C:/Users/s140012700035/Documents/NetBeansProjects/WebApplication1/src/java/Factorial.java</file>
        </group>
    </open-files>
</project-private>
